metric,value
true_positives,415.0
false_positives,49.0
true_negatives,768.0
false_negatives,161.0
accuracy,0.8492462311557789
macro_recall,0.8302552954576363
macro_precision,0.8605459615455997
macro_f1,0.8389010044937881
micro_recall,0.8492462311557789
micro_precision,0.8492462311557789
micro_f1,0.8492462311557789
binary_recall,0.7204861111111112
binary_precision,0.8943965517241379
binary_f1,0.7980769230769231
