metric,value
true_positives,385.0
false_positives,210.0
true_negatives,607.0
false_negatives,191.0
accuracy,0.7121320890165111
macro_recall,0.7056824170406637
macro_precision,0.7038552263010467
macro_f1,0.7046302147089227
micro_recall,0.7121320890165111
micro_precision,0.7121320890165111
micro_f1,0.7121320890165111
binary_recall,0.6684027777777778
binary_precision,0.6470588235294118
binary_f1,0.6575576430401366
