metric,value
true_positives,2048.0
false_positives,214.0
true_negatives,3598.0
false_negatives,637.0
accuracy,0.8690164691396028
macro_recall,0.8533087710865033
macro_precision,0.8774901169885496
macro_f1,0.8611114272076856
micro_recall,0.8690164691396028
micro_precision,0.8690164691396028
micro_f1,0.8690164691396028
binary_recall,0.762756052141527
binary_precision,0.905393457117595
binary_f1,0.8279765514453203
