metric,value
homogeneity,0.3157469498066329
completeness,0.08203123121853337
adjusted_rand,0.07899293434714547
calinski_harabasz,81.47121617288322
