metric,value
homogeneity,0.4312812451837384
completeness,0.1047826137573597
adjusted_rand,0.049621853934669856
calinski_harabasz,19.68472499012634
