metric,value
homogeneity,0.31534714154438476
completeness,0.09953610012861581
adjusted_rand,0.09746127627299772
calinski_harabasz,96.15754153079584
