metric,value
homogeneity,0.38509194881169834
completeness,0.1283521015790941
adjusted_rand,0.0700234360558362
calinski_harabasz,27.381290510635296
