metric,value
homogeneity,0.2324760109969666
completeness,0.12533487481318387
adjusted_rand,0.21371909561161687
calinski_harabasz,115.54256647673544
