metric,value
homogeneity,0.4242820338453473
completeness,0.11778520246045449
adjusted_rand,0.05215525298536194
calinski_harabasz,20.901288239081325
