metric,value
homogeneity,0.44237129699943184
completeness,0.11827203346807383
adjusted_rand,0.06282199676391707
calinski_harabasz,22.396281973008925
