metric,value
homogeneity,0.10628483938070465
completeness,0.08906622568903157
adjusted_rand,-0.08776965216163503
calinski_harabasz,33.11027170843659
