metric,value
homogeneity,0.09921718430943609
completeness,0.055818700270209805
adjusted_rand,-0.042507032602577176
calinski_harabasz,31.597497442214305
