metric,value
homogeneity,0.29174501659546637
completeness,0.09062287479626885
adjusted_rand,0.007147041800414125
calinski_harabasz,24.985723726353335
