metric,value
homogeneity,0.34304509538122546
completeness,0.15201257300545956
adjusted_rand,0.1337956292485252
calinski_harabasz,30.20591326019575
