metric,value
homogeneity,0.30043444698525257
completeness,0.08949701762061794
adjusted_rand,0.08625116121007538
calinski_harabasz,87.45455092219385
