metric,value
homogeneity,0.038881287998006775
completeness,0.029262630781938047
adjusted_rand,0.08753975055117558
calinski_harabasz,127.2805794935949
