metric,value
homogeneity,0.3077825843379987
completeness,0.07489951883600598
adjusted_rand,0.06823587114592063
calinski_harabasz,74.84545995249003
