metric,value
homogeneity,0.2933969839627272
completeness,0.06823602187290041
adjusted_rand,0.06974430024474354
calinski_harabasz,71.1917181715791
