metric,value
true_positives,460.0
false_positives,98.0
true_negatives,719.0
false_negatives,116.0
accuracy,0.8463747307968413
macro_recall,0.8393300353597171
macro_precision,0.842725302084004
macro_f1,0.8408737631901473
micro_recall,0.8463747307968413
micro_precision,0.8463747307968413
micro_f1,0.8463747307968413
binary_recall,0.7986111111111112
binary_precision,0.8243727598566308
binary_f1,0.8112874779541446
