metric,value
true_positives,2685.0
false_positives,3.0
true_negatives,3809.0
false_negatives,0.0
accuracy,0.9995382484223487
macro_recall,0.9996065057712487
macro_precision,0.9994419642857143
macro_f1,0.9995240017902867
micro_recall,0.9995382484223487
micro_precision,0.9995382484223487
micro_f1,0.9995382484223487
binary_recall,1.0
binary_precision,0.9988839285714286
binary_f1,0.9994416527079844
