metric,value
true_positives,2645.0
false_positives,42.0
true_negatives,3770.0
false_negatives,40.0
accuracy,0.9873787902108666
macro_recall,0.987042291225787
macro_precision,0.9869352486503012
macro_f1,0.9869886676358928
micro_recall,0.9873787902108666
micro_precision,0.9873787902108666
micro_f1,0.9873787902108666
binary_recall,0.9851024208566108
binary_precision,0.9843691849646445
binary_f1,0.9847356664184661
