metric,value
true_positives,496.0
false_positives,60.0
true_negatives,757.0
false_negatives,80.0
accuracy,0.8994974874371859
macro_recall,0.8938358493132055
macro_precision,0.8982534402585458
macro_f1,0.8958408996714251
micro_recall,0.8994974874371859
micro_precision,0.8994974874371859
micro_f1,0.8994974874371859
binary_recall,0.8611111111111112
binary_precision,0.8920863309352518
binary_f1,0.8763250883392226
