metric,value
true_positives,501.0
false_positives,67.0
true_negatives,750.0
false_negatives,75.0
accuracy,0.8980617372577172
macro_recall,0.8938921613627091
macro_precision,0.8955665813060179
macro_f1,0.8946971116581348
micro_recall,0.8980617372577172
micro_precision,0.8980617372577172
micro_f1,0.8980617372577172
binary_recall,0.8697916666666666
binary_precision,0.8820422535211268
binary_f1,0.8758741258741258
