metric,value
true_positives,488.0
false_positives,49.0
true_negatives,768.0
false_negatives,88.0
accuracy,0.9016511127063891
macro_recall,0.8936233510131919
macro_precision,0.9029742947144921
macro_f1,0.8975102158965742
micro_recall,0.9016511127063891
micro_precision,0.9016511127063891
micro_f1,0.9016511127063891
binary_recall,0.8472222222222222
binary_precision,0.9087523277467412
binary_f1,0.8769092542677448
