metric,value
true_positives,2684.0
false_positives,9.0
true_negatives,3803.0
false_negatives,1.0
accuracy,0.9984608280744959
macro_recall,0.9986332975744536
macro_precision,0.9981975605251454
macro_f1,0.9984137737467617
micro_recall,0.9984608280744959
micro_precision,0.9984608280744959
micro_f1,0.9984608280744959
binary_recall,0.9996275605214152
binary_precision,0.9966580022279985
binary_f1,0.9981405727036073
