metric,value
true_positives,496.0
false_positives,64.0
true_negatives,753.0
false_negatives,80.0
accuracy,0.8966259870782484
macro_recall,0.8913878688970489
macro_precision,0.8948379351740696
macro_f1,0.8929833546734955
micro_recall,0.8966259870782484
micro_precision,0.8966259870782484
micro_f1,0.8966259870782484
binary_recall,0.8611111111111112
binary_precision,0.8857142857142857
binary_f1,0.8732394366197184
