metric,value
true_positives,454.0
false_positives,116.0
true_negatives,701.0
false_negatives,122.0
accuracy,0.8291457286432161
macro_recall,0.8231057901536787
macro_precision,0.8241265374858775
macro_f1,0.8235995828544673
micro_recall,0.8291457286432161
micro_precision,0.8291457286432161
micro_f1,0.8291457286432161
binary_recall,0.7881944444444444
binary_precision,0.7964912280701755
binary_f1,0.7923211169284468
