metric,value
true_positives,2563.0
false_positives,81.0
true_negatives,3731.0
false_negatives,122.0
accuracy,0.9687548099122671
macro_recall,0.9666568476300461
macro_precision,0.9688504801846057
macro_f1,0.9677112654031401
micro_recall,0.9687548099122671
micro_precision,0.9687548099122671
micro_f1,0.9687548099122671
binary_recall,0.954562383612663
binary_precision,0.9693645990922845
binary_f1,0.9619065490711203
