metric,value
true_positives,2678.0
false_positives,10.0
true_negatives,3802.0
false_negatives,7.0
accuracy,0.997383407726643
macro_recall,0.9973848143957824
macro_precision,0.9972210046068835
macro_f1,0.9973026768116242
micro_recall,0.997383407726643
micro_precision,0.997383407726643
micro_f1,0.997383407726643
binary_recall,0.9973929236499068
binary_precision,0.9962797619047619
binary_f1,0.9968360320119113
