metric,value
true_positives,5.0
false_positives,0.0
true_negatives,817.0
false_negatives,571.0
accuracy,0.5900933237616655
macro_recall,0.5043402777777778
macro_precision,0.7943083573487031
macro_f1,0.3791273939294593
micro_recall,0.5900933237616655
micro_precision,0.5900933237616655
micro_f1,0.5900933237616655
binary_recall,0.008680555555555556
binary_precision,1.0
binary_f1,0.017211703958691912
