metric,value
true_positives,1697.0
false_positives,523.0
true_negatives,3289.0
false_negatives,988.0
accuracy,0.7674311220563337
macro_recall,0.7474157370334981
macro_precision,0.7667056874503683
macro_f1,0.7525750541031231
micro_recall,0.7674311220563337
micro_precision,0.7674311220563337
micro_f1,0.7674311220563337
binary_recall,0.6320297951582868
binary_precision,0.7644144144144144
binary_f1,0.6919469928644241
