metric,value
true_positives,2685.0
false_positives,2.0
true_negatives,3810.0
false_negatives,0.0
accuracy,0.9996921656148992
macro_recall,0.9997376705141658
macro_precision,0.9996278377372534
macro_f1,0.9996826504301437
micro_recall,0.9996921656148992
micro_precision,0.9996921656148992
micro_f1,0.9996921656148992
binary_recall,1.0
binary_precision,0.9992556754745069
binary_f1,0.9996276991809383
