metric,value
true_positives,486.0
false_positives,50.0
true_negatives,767.0
false_negatives,90.0
accuracy,0.8994974874371859
macro_recall,0.8912752447980417
macro_precision,0.9008494574966475
macro_f1,0.8952343501542852
micro_recall,0.8994974874371859
micro_precision,0.8994974874371859
micro_f1,0.8994974874371859
binary_recall,0.84375
binary_precision,0.9067164179104478
binary_f1,0.8741007194244603
