metric,value
true_positives,482.0
false_positives,52.0
true_negatives,765.0
false_negatives,94.0
accuracy,0.8951902368987796
macro_recall,0.886579032367741
macro_precision,0.8965960767899264
macro_f1,0.8906781483153798
micro_recall,0.8951902368987796
micro_precision,0.8951902368987796
micro_f1,0.8951902368987796
binary_recall,0.8368055555555556
binary_precision,0.9026217228464419
binary_f1,0.8684684684684685
