metric,value
true_positives,484.0
false_positives,52.0
true_negatives,765.0
false_negatives,92.0
accuracy,0.8966259870782484
macro_recall,0.8883151434788521
macro_precision,0.8978169247113326
macro_f1,0.892241045872979
micro_recall,0.8966259870782484
micro_precision,0.8966259870782484
micro_f1,0.8966259870782484
binary_recall,0.8402777777777778
binary_precision,0.9029850746268657
binary_f1,0.8705035971223023
