metric,value
true_positives,459.0
false_positives,92.0
true_negatives,725.0
false_negatives,117.0
accuracy,0.8499641062455133
macro_recall,0.8421339504283966
macro_precision,0.8470379918179427
macro_f1,0.8442862009966341
micro_recall,0.8499641062455133
micro_precision,0.8499641062455133
micro_f1,0.8499641062455133
binary_recall,0.796875
binary_precision,0.8330308529945554
binary_f1,0.8145519077196096
