metric,value
true_positives,379.0
false_positives,144.0
true_negatives,673.0
false_negatives,197.0
accuracy,0.7552045944005743
macro_recall,0.7408657605739155
macro_precision,0.7491143051801059
macro_f1,0.7437919798836363
micro_recall,0.7552045944005743
micro_precision,0.7552045944005743
micro_f1,0.7552045944005743
binary_recall,0.6579861111111112
binary_precision,0.7246653919694073
binary_f1,0.6897179253867153
