metric,value
true_positives,487.0
false_positives,55.0
true_negatives,762.0
false_negatives,89.0
accuracy,0.8966259870782484
macro_recall,0.8890833248334014
macro_precision,0.8969705707632869
macro_f1,0.8924338168105945
micro_recall,0.8966259870782484
micro_precision,0.8966259870782484
micro_f1,0.8966259870782484
binary_recall,0.8454861111111112
binary_precision,0.8985239852398524
binary_f1,0.8711985688729876
