count_at_load,percent_at_load,count_at_drop_na,percent_at_drop_na,count_at_drop_repeat,percent_at_drop_repeat
5850.0,33.4209323583181,5411.0,47.93586109142452,5383.0,57.96898556967478
98.0,0.5598720292504571,64.0,0.5669737774627923,64.0,0.6892095627826836
911.0,5.204524680073126,561.0,4.969879518072289,492.0,5.29829851389188
50.0,0.2856489945155393,24.0,0.21261516654854712,24.0,0.2584535860435064
3377.0,19.292733089579524,2716.0,24.06094968107725,2716.0,29.248330820590134
7195.0,41.10489031078611,2512.0,22.2537207654146,607.0,6.536721947017014
23.0,0.13139853747714808,,,,
17504.0,100.0,11288.0,100.0,9286.0,100.0
