train_count,train_percent,dev_count,dev_percent,test_count,test_percent
3812.0,58.673233800215485,817.0,58.65039483129936,818.0,58.59598853868195
2685.0,41.326766199784515,576.0,41.34960516870065,578.0,41.40401146131805
6497.0,100.0,1393.0,100.0,1396.0,100.0
