train_count,train_percent,dev_count,dev_percent,test_count,test_percent
3768.0,57.995998152993685,807.0,57.93251974156497,808.0,57.879656160458445
44.0,0.6772356472217946,10.0,0.7178750897343862,10.0,0.7163323782234957
344.0,5.294751423734031,74.0,5.312275664034458,74.0,5.300859598853868
16.0,0.24626750808065262,4.0,0.2871500358937545,4.0,0.28653295128939826
1901.0,29.259658303832538,407.0,29.21751615218952,408.0,29.22636103151863
424.0,6.526088964137294,91.0,6.532663316582915,92.0,6.59025787965616
6497.0,100.0,1393.0,100.0,1396.0,100.0
